INSERT INTO tokens VALUES('4SBy7utz3oYMqJvqVtzCXW4CwqVSJE8cgeUZQMevZy6e', '8FEceQjGbB5KenJE7TYdAF8ptDkKw3C8ANddRAZNpump', '33', '688', '81', '690', '13601.95', '324599.34', '20.45', '175', '76684.21', '341668', '1', '0', '0', '1', '0', '2', '2', '1100', 'Failure')
INSERT INTO tokens VALUES('8VevDJUZd7xQovts4TBtC6ctEpCX5pjeYQSx2kuEeUsB', '9hcbbFnDxSFN9iZhwqiB97o5GVVd3z5CDBTmQrCSG7ZA', '29', '136', '4', '14', '42187.9', '132729.28', '14.39', '58.91', '1285462.23', '808691', '0', '0', '0', '0', '0', '1', '3', '361', 'Success')
INSERT INTO tokens VALUES('425GNJUw3TCRzSocxQiUj9oiebcJ72xor6qMxPjnAyJx', 'CZ4BaYonPcAXc2CJ5NBVxE5zXg3FXnLiay5FwJSu9aB8', '4', '17', '0', '1', '2108.57', '6137.59', '24.19', '246', '83801.8', '1711701', '0', '0', '0', '0', '0', '1', '3', '361', 'Failure')
INSERT INTO tokens VALUES('C5vTmBxWCbHJtiPvMFYPVFnHssPRJPo9Zr9w56vSaN4M', 'FCFZuu7CqZTSduLS5yeXTTB5hBiVJ2Kb9W6FPLCCpump', '664', '2209', '713', '2208', '260620.12', '1025011.34', '30.37', '260', '86423.11', '440057', '1', '1', '1', '1', '500', '2', '3', '362', 'Failure')
INSERT INTO tokens VALUES('Hcy2m45RjBvyEshEbzQCX4C1CyeWDmUY3Xoa9CApKq3G', '74fANie6UvRoTqxuGMURNs76s5VaFqQHdg73vhNepump', '4', '104', '28', '132', '2430.37', '17863.84', '-18.54', '-15.17', '33956.32', '71962', '0', '0', '0', '0', '0', '2', '3', '362', 'Failure')
INSERT INTO tokens VALUES('41PC9nnaB8diRUzsKHkPTPczFwqeYk1AsMx31ACV2N4e', 'xVPbaNoYqRAuX7wnchdVZMz4je7jZBXDsLraMNrover', '720', '2140', '698', '1962', '58014.07', '188623.83', '18.42', '4339', '34000.11', '114692', '0', '0', '0', '0', '0', '1', '3', '362', 'Failure')
INSERT INTO tokens VALUES('DJKAMNG25bWGtSZRLZ25kJoCHK123hBrZjTUDhnv23JJ', '3Duu8qo1xv744SgtPHWRh4SfL9tEMq8p1RMgGMHjpump', '39', '333', '59', '392', '9190.49', '98022.01', '-27.75', '-70.96', '20966.42', '27092', '0', '0', '0', '0', '0', '2', '3', '363', 'Success')
INSERT INTO tokens VALUES('6GvcG8u9EohbtRbikaNXVEFr2ijjiQF8yQFLJxm5xZxV', 'DpBvQjNFTQ28R6HpKoXYpyhnMoxmvzeyVeyV4nG6czfm', '1381', '4320', '1350', '4113', '228707.79', '759946.67', '-84.84', '3117', '18432.2', '6395271', '0', '0', '0', '0', '0', '1', '3', '364', 'Failure')
INSERT INTO tokens VALUES('Dzo3Dd3meL6FhTdmn1h9vfYUe1jJJCbJThTop3VAAYpy', 'Kc2BeHcoQJw2sUSGnRsLuM6SPKCRCgsGGufPP5Ypump', '0', '96', '12', '139', '29.83', '28694.75', '-1.18', '-95.28', '8663.29', '4662', '0', '0', '0', '0', '0', '2', '3', '364', 'Failure')
INSERT INTO tokens VALUES('2SD6yJ1UZjw8j2xS7CBj1uzBY5MyWg97G6MSRzqUugSp', '4BKewPmN8GMn4jww1Zv1AVD7aWN5tWk5Cx633Jaxpump', '95', '2251', '1673', '3405', '96165.41', '2624181.78', '-98.32', '-98.5', '9338.35', '4938', '0', '0', '0', '0', '0', '2', '3', '366', 'Failure')
INSERT INTO tokens VALUES('8VgSXdAYJoBFTd83fqogrBJU9sDTEWk4rgoek8ZmhadA', 'BnSM8KmBpcJqYyfoaBNQgL3h2tbRb6KZ8og8Zd4mpump', '0', '116', '4', '128', '325.67', '62236.41', '-12.33', '-94.44', '9723.27', '5838', '0', '0', '0', '0', '0', '2', '3', '367', 'Failure')
INSERT INTO tokens VALUES('CnVBwf7DapbURX7ZdHjE5tjVpKZwkmA4KxCNaKcpKmZz', '94RajQ5TQadAggABV7BperFLCrFnDJSutj9ujfopump', '18', '582', '43', '669', '2218.91', '170125.31', '-19.8', '-84.99', '14805.82', '13412', '0', '0', '0', '0', '0', '2', '3', '368', 'Failure')
INSERT INTO tokens VALUES('GJJSf7B9f3Eu1jiMxH1uCLWGwa9sj7QHfmnLT4NVs1nV', 'GmhrLfDQzcQcmPQs6tChFAv3uaccKVN8VrEkhRtjn4fn', '1233', '3880', '1247', '3912', '102980.35', '421704.45', '172', '4616', '27329.76', '72119154', '0', '0', '0', '0', '0', '1', '3', '369', 'Failure')
INSERT INTO tokens VALUES('6ZoRpVMbhRkfguoCSpVGJbejNNAuwi4mtMaRf9uoWwgq', '7Poe2b56RwVErrJdUc9raov9oDkMnzCuLaF6Mic9moon', '157', '651', '132', '399', '217267.13', '538919.88', '-80.87', '199', '94496.56', '569797', '0', '0', '0', '0', '0', '1', '3', '371', 'Failure')
INSERT INTO tokens VALUES('6gC2kR1i1zeqYE9NTuX1sL6V7vub1B5AnMoBh2Djq6FP', 'BvYe4LsM9yjT1C5K8GDKsXJWDBktqviPCSbq8yZSpump', '27', '613', '91', '719', '5373.32', '120967.99', '-26.3', '-78.97', '16810.06', '17397', '1', '0', '1', '0', '0', '2', '3', '372', 'Failure')
INSERT INTO tokens VALUES('9ytvRuS88wfUuiXZoDaLwPciMi3Au1wC2WptAgYUh4mr', 'eoQEYxdBuhk4Th2zSd99qCpPcjkiMy3nQ94Lht9pump', '12', '85', '1', '2', '1204.26', '4682.66', '0.84', '3.91', '448611.51', '229235', '0', '0', '0', '0', '0', '1', '3', '373', 'Failure')
INSERT INTO tokens VALUES('HAPcjjKRay65bZ8zUcLK4kPXoB7CBEFcNAsbTKBWooha', 'FeSLMhNuN4BrWmZYNMpETgPCv9Na9jnuNdizkaJpump', '879', '2819', '915', '2831', '205082.57', '678811.07', '5.14', '213', '82023.44', '403126', '1', '1', '0', '1', '500', '2', '3', '374', 'Failure')
INSERT INTO tokens VALUES('6KypQhfZuAjQi9Nmq6qRu5GnwMrnvXZXcUKLzAyJQcTF', 'B2Hxxu4GcRh3BapxNoVknS9E431nCAESvgnwzuTur8fm', '1', '95', '1', '2', '44890.72', '83289.06', '-84.77', '89.8', '61045.88', '52958', '0', '0', '0', '0', '0', '1', '3', '374', 'Failure')
INSERT INTO tokens VALUES('EnGYy2L5xTK6m97pXbVxKWUxTFLzr6GuGD4sqi5ZyKG9', 'DKLDAjDYuPV28Nm36mc2v93ebG3t4gaci6yXtJecpump', '29', '329', '28', '317', '2554.15', '81436.14', '2.12', '-42.41', '29470.53', '53982', '0', '0', '0', '0', '0', '2', '3', '375', 'Failure')
INSERT INTO tokens VALUES('ceZtKFrw8sF2ZHnbpuzbyicB8LNamjuo4CmBya7yKrh', 'GU7aPQnDmoXA13gUy6L27utgdp6QVZy3P6cJ94Sbpump', '5', '39', '5', '41', '1378.05', '5244.84', '-16.26', '-22.12', '12165.44', '2382167', '1', '0', '1', '1', '2000', '7', '3', '378', 'Success')
INSERT INTO tokens VALUES('AAMGG9wmti9JUadccWJNZXvKJ6u3DqHakqfyCvvVQ2sD', 'vD8tMGuF47KBQzfs3ek3CYw9xaNMtUSHV1QknPbpump', '97', '711', '95', '472', '42503.92', '229105.49', '-14.87', '-8.87', '38068.61', '88344', '1', '0', '1', '1', '0', '2', '3', '379', 'Failure')
INSERT INTO tokens VALUES('8eHqxiiJnVAyVSKBddQGzQDnty3iQr7FBa8xDjTNnLVK', '88C3pv8gpPS7HQ6JkR9LBnoXNWJJCgV6D7rZ48iFpump', '142', '723', '119', '597', '46323.5', '232393.76', '-19.84', '20.71', '42000.57', '107558', '0', '0', '0', '0', '0', '2', '3', '379', 'Failure')
INSERT INTO tokens VALUES('BAmn5AZafnkqEF1EsPdwQ5zAeijejNeQjpDARPEnic5r', '3D8TaeUKW9ZHMBozDeJDkHQnaJktuMGgtWSeCzugUSRt', '28', '133', '3', '10', '53511.88', '163388.27', '14.9', '58.92', '1556071.11', '982639', '0', '0', '0', '0', '0', '1', '3', '380', 'Failure')
INSERT INTO tokens VALUES('7bu8Tqvt4997pH2KKWJRtYuxygR6Q8Dc6K8EJRywzkEY', 'WMrCZ7Uiwjcbcb8dyx8134meaUKu4xEp8rLvZ2GmKUq', '255', '936', '261', '890', '53485.62', '274314.12', '-63.14', '1686', '20085.04', '7935641', '0', '0', '0', '0', '0', '1', '3', '381', 'Failure')
INSERT INTO tokens VALUES('Fngr3SmknQhYSTtz9XZFoKEwzwmwkhzWqmAjFEw5knsE', '3gQCajT2nj7d75NTyvV7fhg7M7X5CxyPmuZsemTxpump', '170', '1294', '169', '1204', '41548.77', '373012.51', '-34.24', '-23.98', '34598.07', '71476', '0', '0', '0', '0', '0', '2', '3', '381', 'Failure')
INSERT INTO tokens VALUES('GJcgB9M6zZM62Hs1Q5JZXsuvDVJna3Pd8HvYiYTLSucK', 'pYftUZf5ohFNKEgDEFgCftGmfBdwvRsiD4kq45qpump', '28', '126', '0', '4', '5117.06', '41957.73', '4.79', '46.11', '440724.13', '272364', '0', '0', '0', '0', '0', '1', '3', '382', 'Success')
INSERT INTO tokens VALUES('CXxSzX7Cq5gXk29BjEu4zLWmuU2usLcZZV3X5uuuk65R', 'G6bug1ATcA6Nvtj2KUAorCkwiBmzT4B2PsCE5JYzpump', '261', '821', '147', '414', '247931.88', '780613.7', '-15.38', '170911', '145136.56', '202271672', '0', '0', '0', '0', '0', '1', '3', '382', 'Failure')
INSERT INTO tokens VALUES('BauCLzkvRi28P4ELegdpwnFdi8wLj3qgQwPDpZbraVC3', '9BKbF6edtktp2MH8b4r3gz1iV8CSKz67wUuKKW1opqpk', '31', '128', '5', '13', '36289.39', '106414.2', '18.02', '69.95', '868358.78', '565564', '0', '0', '0', '0', '0', '1', '3', '383', 'Failure')
INSERT INTO tokens VALUES('4qruqycaA8UCJCucLe2wzUcahRCcXXb5K7uBGeMRowMY', 'AwFuk3Ez3arUcV3uNuQhZcjcAwD4MpMYmozrphDR4wqp', '34', '151', '4', '9', '16886.23', '63097.82', '6.4', '24.7', '1104087.95', '623658', '0', '0', '0', '0', '0', '1', '3', '383', 'Failure')
INSERT INTO tokens VALUES('HsHhTwehmfepdmD5nrJX9yrJe2ZGixxLVqvKydgCrHH', 'DX58Q8BGKgHRU8vX2LpZBymmzZVGMEmM5aViHagYpump', '167', '745', '181', '635', '24773.75', '112994.8', '-11.15', '-0.76', '38722.58', '92500', '1', '0', '1', '1', '500', '2', '3', '385', 'Failure')
INSERT INTO tokens VALUES('2k7Vr2qdaa1QKA3fRGFsSMqMQRBHG5GGBi7DneWGVM25', '2rJ6dJtKdp3apEgTpCzeMjVUKzota4fsT4TKYrTNTy4X', '80', '289', '76', '198', '79000.41', '251974.78', '-14.59', '263979', '178719.15', '312672726', '0', '0', '0', '0', '0', '1', '3', '388', 'Failure')
INSERT INTO tokens VALUES('BmFMuNrhRhoD3UXjj9XAmjRJxL7jpKZ4DXxj8RwfSymD', 'C6sFQysur55FdUeWN9NMW1xzfnZDL9LZiQgNfehmq6tq', '5', '61', '2', '10', '474.65', '2144.38', '-0.19', '1.51', '344377.19', '174326', '0', '0', '0', '0', '0', '1', '3', '464', 'Success')
INSERT INTO tokens VALUES('GRFRyzE4yc13yUj5RoPTGWELMG5w5zVUUnNb4BPKvQbz', 'CAZNWbFxbBPrj8wZWexfmNWgVF7rrsx3QpzYw2m7pump', '35', '518', '51', '509', '11053.28', '125916.43', '11.54', '-66.57', '22687.42', '31736', '0', '0', '0', '0', '0', '2', '3', '464', 'Failure')
INSERT INTO tokens VALUES('FjmpH3q4AcXnYsnqKrRCUR7Y4NQJfT1m2iijAdggRbZN', 's6jHf7iXTNtbdHQhuWDsJiHroQH3WEbhySY8yr1GcgX', '18', '50', '2', '2', '4133.83', '16593.37', '29.94', '865', '211775.27', '4814745', '0', '0', '0', '0', '0', '1', '3', '466', 'Failure')
INSERT INTO tokens VALUES('EWsLCJd3uee3sTaR1h1aDUhZJVHvrsTGxB1SzPgjdwrP', '6oYGq6g1yqtHyWVMc1zKEL5PKh1dgC4qembBoYWxpump', '0', '113', '1', '119', '0.26', '26611.8', '-0.28', '-95.24', '8442.17', '4461', '0', '0', '0', '0', '0', '2', '3', '467', 'Failure')
INSERT INTO tokens VALUES('C1KLgmRtXcgz3u5uu2MgZmLFT322M6zJSvw5RUDiGVuP', 'BmYT7KgeQ4gWcQGmGW8kKEX6eLUDi4eBkpGyuuLopump', '15', '1047', '55', '919', '2602.87', '422199.61', '-39.16', '-92.47', '13047.29', '10372', '0', '0', '0', '0', '0', '2', '3', '468', 'Failure')
INSERT INTO tokens VALUES('D1HnRpg6aBAFo3jGdkiQSNVX2QNBkmDW4ckMvkUPaqdv', 'GDMm5yfaVY2mZwo8SBmztygKvNn1EH5ydFrnXP7HgWdM', '3', '25', '0', '14', '25.72', '1005.63', '6.61', '455', '1610.02', '5363', '0', '0', '0', '0', '0', '1', '3', '469', 'Success')
INSERT INTO tokens VALUES('8F7ZZFeDfR9zpXVaStM2qZgPXJQAdoGJdSMDQsbUd2hT', 'D9FaAohKSPR3WpDdLPnM4fLSH8d8JwJRrEZf6TDzpump', '8', '22', '5', '27', '224.92', '1351.55', '4.46', '-4.7', '3470.31', '15333263', '1', '0', '0', '1', '0', '12', '3', '469', 'Failure')
INSERT INTO tokens VALUES('2Z8W7FXKSHhKMCYGw1K92TigXrhDbWEp9emVSTWHgbLe', 'AAU6rgrBGAxtaffjYeVQfb1ne3fkW6SvThiVgYKapump', '44', '540', '141', '739', '19715.03', '172528.54', '-75.31', '-71.82', '21976.91', '29795', '0', '0', '0', '0', '0', '2', '3', '470', 'Success')
INSERT INTO tokens VALUES('6exFvFCA2TavFEyg3v7EBUy5c53ptSLvXA2YAHs6foYH', '4QqGnWQzyYnLYJKQhVKdqDbP74F4Ruj9CRaXwJqrrfLB', '6', '32', '1', '2', '1264.8', '5380.39', '28.24', '257', '87323.62', '1790135', '0', '0', '0', '0', '0', '1', '3', '471', 'Failure')
INSERT INTO tokens VALUES('5RoRnfWAFD7c9nr8B6DUVURpcmUrPkxnHR18WBpyooxD', '4wBFLfh6cRDTSvoi79qGtPRygVJ9raPdM5po5kPRRFbn', '4', '18', '0', '1', '2101.1', '6650.88', '22.15', '261', '89026.64', '1807166', '0', '0', '0', '0', '0', '1', '3', '471', 'Success')
INSERT INTO tokens VALUES('3q5nTgU62gxzbXLNZW1At7YZFWmXGZzsEvmg7kqFqeUT', 'HrrwLjEnihhc3v2xYawPBQ1bji4ZSSjeZSgm4qUeXdTZ', '5', '17', '0', '1', '2441.74', '6492.55', '45.44', '300', '96452.17', '1998529', '0', '0', '0', '0', '0', '1', '3', '472', 'Failure')
INSERT INTO tokens VALUES('8kVrUoriUoBDnBdrtg4FGTZCUkNQdD3quhBgoXLJeT2b', '7Wwc9zTimb3aGottnAte8LkGUpV8sv3xcnLnN4Espump', '897', '4546', '575', '2693', '442374.27', '2944775.33', '7.95', '2843', '221586.39', '2862180', '1', '1', '1', '1', '0', '4', '3', '473', 'Failure')
INSERT INTO tokens VALUES('C7R6idvz2kpgdJML62Ps3j45FmBNKKGfR96wsQttKSEo', '4chanW3K6SqjYfxv4BAHFYR7dicCiPxF9q5mjrWxbLoB', '299', '948', '285', '844', '2553.86', '70056.58', '16.47', '3649', '31027.39', '97475', '0', '0', '0', '0', '0', '1', '3', '475', 'Success')
INSERT INTO tokens VALUES('ELZNU19jZxMABrC7iUQj4bJN6UYvb1YiAULf9XfVbCy', 'DLxk8GYSk57B6iCkFLuXuoVJQ1UpHzKDdVDPEzYwpump', '9', '233', '14', '322', '2588.99', '48560.87', '-0.15', '-49.5', '27841.85', '48372', '0', '0', '0', '0', '0', '2', '3', '475', 'Failure')
INSERT INTO tokens VALUES('gGi8mESkZx9Wshkc7Kdg7uwMPnqg7jVshBZsjXu3xe2', 'CkcuAB82xbRZAZ1ZPyXyP4YdUnWVA83tGLvNYxT9DBne', '4', '19', '0', '1', '2203.09', '6564.37', '36.03', '307', '97365.86', '2021514', '0', '0', '0', '0', '0', '1', '3', '477', 'Failure')
INSERT INTO tokens VALUES('4oHdeSaMWZncYNCS9yWR3nGJNbbjWGy2e3kCsFJFVGW9', 'C9NznAP6Z9oygH36GnXarwkRr6gTshUppEnv9LHhkrhW', '6', '18', '0', '1', '2153.01', '6167.28', '25.04', '245', '83990.26', '1715947', '0', '0', '0', '0', '0', '1', '3', '477', 'Failure')
INSERT INTO tokens VALUES('Ggmdr4yyKjiFFnrkHumMMtfA9odiSKo4qtmfUT1h3Gn', 'BVXj2nrP7Ysp5Pp6Adv6vr8S4hka1YxGViWEtBCipump', '135', '645', '161', '485', '163708.4', '605755.18', '-70.53', '221', '105003.41', '778514', '0', '0', '0', '0', '0', '1', '3', '477', 'Failure')
INSERT INTO tokens VALUES('5QuVRBUUt21sf47bBRu9KLXbnhxe5KbLQkH48iXm1acP', 'EkBjxoPqshX4zVpoYfN1LVioikAwtsBaA4aK1k9ipump', '9', '132', '2', '133', '477.37', '38080.92', '13.4', '-95.36', '9538.36', '5681', '1', '0', '1', '1', '0', '2', '3', '479', 'Failure')
INSERT INTO tokens VALUES('6eugFEqLacWKZD9aRCUVjPQUUfFQVjBwGaBU4hxdNMp9', '77ASdgdpNjCxkPyGv34M75jq5ug71pc3X8WF8sJrXrfc', '25', '111', '6', '9', '42465.46', '134081.25', '10.9', '59.06', '1285509.33', '811065', '0', '0', '0', '0', '0', '1', '3', '479', 'Success')
INSERT INTO tokens VALUES('F3xwFudSBfq9JGfpoSV9kobChnHkpXyipCm4g9pBeEj5', 'FwSW8L9og9AMSN7T1TeWsMWKRpa9ePV7JNx8VLBCWav9', '32', '144', '5', '8', '13616.39', '56405.89', '5.23', '21.08', '1083805.94', '604047', '0', '0', '0', '0', '0', '1', '3', '480', 'Failure')
INSERT INTO tokens VALUES('9QtR4cjkWV3YjfEE6iW6uL2Qhi6Bdvhucvp9iSNVwzCL', '42cFF7nFRgCqmgQVubFqvBZb2uk1ZSewQN5qKd2CSpwe', '6', '93', '3', '19', '1670.72', '52275.32', '5.33', '14934', '96628.25', '1194091', '0', '0', '0', '0', '0', '1', '3', '481', 'Failure')
INSERT INTO tokens VALUES('DFDvq8qpMnArt47UGAoiXqhKZxQdcvyKw97BMSP3jj7d', 'Aj2sWPPGn1zVvdmaoDcga5Qn5bQziDDALe9LLFm6pump', '27', '550', '50', '647', '6008.15', '144388.73', '-26.92', '-82.38', '16386.8', '16440', '0', '0', '0', '0', '0', '3', '3', '482', 'Failure')
INSERT INTO tokens VALUES('2a7GU1D817bE4o2RhumJYzh3Lz8WwYmRQcAoKsKZTQPK', 'DfZPZmFfDfCbGdDcqiZujTMYaGNNpZfUbU3it2LVrQ9d', '23', '449', '27', '528', '4199.11', '166410.31', '9.68', '-59.33', '24826.18', '37856', '0', '0', '0', '0', '0', '2', '3', '483', 'Failure')
INSERT INTO tokens VALUES('36vzxomTmPsLaKVHDh36383LPxacR1sQp94wuHmCMiy1', 'HAJgs3LvBvXquDCTzoeSKet8pqJ6rwMQmMGAtMaYpump', '3', '111', '7', '79', '1839.96', '41861.96', '10.21', '-95.52', '9187.83', '5214', '0', '0', '0', '0', '0', '2', '3', '483', 'Failure')
INSERT INTO tokens VALUES('ER4bvQ6BirA6k2RDfJbPHg3EMRthfGtwBHiqMsfec3U1', 'BJXGy3Y2SVsWTKBzGmuhAjyi7rbjhRZ4UZXVcrhhdQdK', '324', '811', '146', '457', '126089.45', '399904.28', '7.68', '38448', '68851.2', '9415970', '1', '0', '0', '1', '0', '1', '3', '484', 'Failure')
INSERT INTO tokens VALUES('3SLG73gyumZ9RAVDqdfAdR3dS8PoxcDXEh5gBiFYAXEd', 'FUPh5WmNufMJZYfKy2hz55KHgucwx4SrR6rH5tvCpump', '3792', '6529', '174', '598', '63536.21', '407962.14', '-2.85', '2693', '21983.66', '132726', '1', '1', '1', '1', '0', '1', '3', '485', 'Failure')
INSERT INTO tokens VALUES('HNiYnMyfd9gWQ2G1siRhji8Ucg99kFgGRfdNyyrT4W2V', '7Wwc9zTimb3aGottnAte8LkGUpV8sv3xcnLnN4Espump', '8', '31', '5', '36', '910.57', '2402.89', '-11.2', '-24.5', '13025.34', '2087294', '1', '1', '1', '1', '0', '5', '3', '486', 'Failure')
INSERT INTO tokens VALUES('7hn5fvH49tpHALT21YL4KJcnvedwM6YymPknksYCwSV6', 'ANmeLtXK1DecrLLBJXBu8CR77xiTZJGTTy4q9LJQXMpK', '9', '44', '1', '2', '2156.31', '8046.8', '24.79', '384', '113909.77', '2401012', '0', '0', '0', '0', '0', '1', '3', '486', 'Failure')
INSERT INTO tokens VALUES('Fdo23JkeLxUaLoF3UXo2Pi2n73PFE66dMi6hEm7SRxK6', 'B3B5mZgCAgtUTxR8bRquiuQUWr3V2ruiFUnx2pggLjeL', '165', '339', '85', '178', '167029.56', '635991.65', '15.41', '6096', '552778.84', '19175645', '0', '0', '0', '0', '0', '1', '3', '486', 'Failure')
INSERT INTO tokens VALUES('3bMyrNCeXoWcSaE6sUbtTmA6peC4gAYwCRz3mAo6y1EU', '6eiQZignQv79wTQtzWZihXLzX3tE5vJbFqeyhErupump', '0', '102', '9', '73', '1214.67', '20200.62', '-8.2', '-3.42', '39068.4', '95596', '0', '0', '0', '0', '0', '2', '3', '487', 'Failure')
INSERT INTO tokens VALUES('9egFCbzWtmUHzS5i5YFdvFtKyCPUGmyYGThpxpWi7YTc', 'EwTbinDbi9VgyF2khMtYMC77QHSAPrBp3aNMhaF6pump', '79', '1892', '134', '1689', '14608.87', '482925.23', '-24.96', '-71.2', '19802.9', '23115', '0', '0', '0', '0', '0', '2', '3', '487', 'Failure')
INSERT INTO tokens VALUES('MpjrNhNMrjDwSYbNomgM8tmjAp6RSBVfV42CPB4eAZf', 'AhMYbed7H6Zf5YzsG2YGCw1Dho31zrS3ZCDqa1Qg7UnP', '275', '814', '311', '817', '78423.13', '209152.23', '-45.94', '89219', '139437.49', '395149005', '0', '0', '0', '0', '0', '1', '3', '488', 'Failure')
INSERT INTO tokens VALUES('72xTHJn8ybGyRUhdZ3ft47Awo5APL6cXnfCeNKLYWr8k', '7JS6whpDi9ckhYoiSXA7eyWvaDoNHa5gm2T8qpVdpump', '17', '374', '23', '482', '1993.34', '72697.36', '-7.51', '-88.31', '12907.09', '10326', '1', '0', '1', '1', '0', '2', '3', '489', 'Failure')
INSERT INTO tokens VALUES('3YfoEqtQraMqEHETqUbQq3a6AJbQLdGZqUcT3Piaddq2', '3ybSESKnHcQgSRM5LjjD9iHVNKhWDS25ntqDLAd2HAQU', '529', '1459', '294', '939', '42262.08', '192909.65', '102', '5824', '31881.68', '20494603', '0', '0', '0', '0', '0', '1', '3', '490', 'Failure')
INSERT INTO tokens VALUES('6uFsRRdD7Hd9kHMrsNeaxDn6pHrazuDiqriGyKinBYcL', '4Qb1kwCaTJjC1rE6PTb9Nh8oG25YL1c7jTq3uh8TatKG', '1888', '4842', '2080', '5534', '292816.27', '849272.01', '-98.12', '358', '8944.95', '1513844', '0', '0', '0', '0', '0', '1', '3', '490', 'Failure')
INSERT INTO tokens VALUES('APfr1mxN2V83f9PB9EgEsMTknTa47trRmaYUdYDyFx1L', 'HLWMJHKMUMwu7jG48wzZP7MHPsMzyufUTwV1kAMryAJ6', '32', '125', '2', '7', '49920.31', '141049.52', '14.34', '51.15', '1479363.3', '911517', '0', '0', '0', '0', '0', '1', '3', '492', 'Failure')
INSERT INTO tokens VALUES('5myorzPcpbbK9niyfQ1SCfAsTAJVTPKT7fjWdXt7n5bK', 'GU7aPQnDmoXA13gUy6L27utgdp6QVZy3P6cJ94Sbpump', '32', '72', '29', '45', '4402.23', '16534.46', '9.56', '1.59', '12167.91', '5867243', '1', '0', '1', '1', '2000', '9', '3', '493', 'Failure')
INSERT INTO tokens VALUES('AWX5MpDvvd3BJfDaNu3CnsQdRN5Sdcf3MLiUr8Q7sbwu', '7rfWMN2xgU71Xu7rooRPwEVVufWZhremTaL8oKUMpump', '415', '2194', '385', '1917', '134988.1', '630826.37', '12.02', '75.32', '54558.8', '173710', '0', '0', '0', '0', '0', '2', '3', '493', 'Failure')
INSERT INTO tokens VALUES('HK6cnFuC4ri7hAoSVjm6QqkDGkALZQoFqx6tcpH1mvGQ', '32v9wsoGge36FjhsP2n3gKNnUMVN4d6yZ2cu1XZ6rqFo', '30', '138', '6', '13', '34663.05', '99875.32', '15.61', '60.46', '842180.77', '533529', '0', '0', '0', '0', '0', '1', '3', '494', 'Failure')
INSERT INTO tokens VALUES('BzmqbH5rBSFYRwNu4nodrWweEbLEXeddDwBK1jggUuZL', 'Hqh7ytUUe2pWasPqKUuV8ChDG1PAf4qtvgrscD4ypump', '14', '1527', '19', '2172', '1403.57', '1819265.93', '-9.19', '-98.72', '9835.53', '5681', '0', '0', '0', '0', '0', '2', '3', '494', 'Failure')
INSERT INTO tokens VALUES('A9j8uMu8LCuN3g2HAAag5UERkaT85UNCMz8ECXeFyitF', '7Wwc9zTimb3aGottnAte8LkGUpV8sv3xcnLnN4Espump', '17', '47', '12', '78', '710.5', '6694.63', '45.69', '-21.11', '1352.36', '2259061', '1', '1', '1', '1', '0', '6', '3', '495', 'Failure')
INSERT INTO tokens VALUES('57yati1V9NBorSGkK5XJ7tMCbnf1yXW1SsQ8KCY8Csmz', 'DmZ52DfZJzZzoZJ1CZVoz7eFPm4iNwLRPJ18UqGkyfUA', '4', '16', '0', '1', '2104.87', '6128.03', '12091', '244', '83535.77', '1705936', '0', '0', '0', '0', '0', '1', '3', '495', 'Failure')
INSERT INTO tokens VALUES('8v6Yj9NhbSGj21Pq4GzQyVvT9qzye2Y5TvAxK5Ku9VLR', 'D8ue2nhucrm9Mxm3Z8UTzfPRttBYcG81BRpuvFtezwWB', '0', '38', '3', '9', '242.42', '1453.16', '-25.46', '152', '3090.83', '2973', '0', '0', '0', '0', '0', '1', '3', '497', 'Failure')
INSERT INTO tokens VALUES('Fv3U3hA1kyF1rt7t37GPyx1s5GQWh3sSHKgcccvnNjyf', '3ZzpgTqDryd7Px94vLYCBvLrmPUdaqgXT7vJdwn8pump', '154', '684', '85', '293', '131677.38', '497475.29', '-17.53', '305021', '191730.64', '360970418', '0', '0', '0', '0', '0', '1', '3', '497', 'Failure')
INSERT INTO tokens VALUES('361c2XPjsuySpinRcTnxEHedddnM8i1TGJWHfZY2Teyc', 'GRbBGc61a4VwDibjwgw4Gnz5hAhJKqqJTYYhzDdn9TKX', '2', '38', '3', '7', '9669.34', '21505.3', '165', '3197', '44431.34', '135007', '0', '0', '0', '0', '0', '1', '3', '499', 'Failure')
INSERT INTO tokens VALUES('5W1YmFSmmkNRhn46A3NBX71BPPK7VdUZCfyxEGNPhBj3', '6mcK8sZoAR7GdFgqRqndLMvkRmGMNrqUvibiNoHAcQxW', '2', '19', '0', '3', '818.36', '9233.39', '27.66', '463', '10512.95', '125195', '0', '0', '0', '0', '0', '1', '3', '499', 'Failure')
INSERT INTO tokens VALUES('GWKkGyBnuBdQBYYpuLYzeZhUya3PELx1BdGTk2daB2o3', '6yCxSiGAqC278Ugbvbv9bSnZRxuKwmm9go36WowGpump', '241', '1621', '196', '1185', '61007.3', '383646.58', '2.07', '22.76', '42702.08', '110040', '1', '0', '1', '1', '0', '2', '3', '501', 'Failure')
INSERT INTO tokens VALUES('HUCnZcejXQoSFpupzzboqCPyx5HkY7QcUkgePzrwRQ8t', 'DvwzARH5wvn1NzkU3XE2s3jkJugPZeJpHPVVWcfCpump', '13', '292', '25', '424', '1959.6', '104062.98', '-3.16', '-92.58', '10926.05', '7209', '1', '0', '0', '0', '0', '2', '3', '724', 'Failure')
INSERT INTO tokens VALUES('HWw8UohFENsH6zgtFX3UydS9DKqtu7NTsW6jda3kH5Zo', '81ZrnWe44bsgjeyr9kTYGtpbbn434MtXP44GMss7mkze', '3', '15', '0', '1', '1900.29', '6017.14', '16.39', '224', '82022.24', '1670465', '0', '0', '0', '0', '0', '1', '3', '725', 'Failure')
INSERT INTO tokens VALUES('FfiJHS3zk6S235QMcKceZrwodGeqWUQ8ht1UypoESxeY', 'BaK9oCrXQA8c4Rp49c7hRJppVxjTn7fwggNW83ajLLNV', '1486', '5268', '1460', '5123', '187207.09', '922189.81', '41.27', '19301', '56572.84', '59598949', '0', '0', '0', '0', '0', '1', '3', '725', 'Failure')
INSERT INTO tokens VALUES('71VFTMorqvfUNgteuuozNQ3UagJP4LTtFMepGAvTYykf', 'MPscMW4ztB5uzEtD4PD4GYJQDzk1H3K1vn995354WKJ', '677', '2297', '247', '792', '142707.87', '300462.69', '-96.55', '19127', '38127.76', '96301611', '0', '0', '0', '0', '0', '1', '3', '726', 'Failure')
INSERT INTO tokens VALUES('ASQq82KLwLtzwHaca3cdUfVz3Tcc51zkDhUGJaBaXjFb', 'Ba6iPg8ukbPZJ8Q2jSt8oXNcXmKDRZ4TGgWXKYtpump', '371', '1495', '320', '1353', '44038.15', '174222.35', '38.24', '4899', '37124.69', '134134', '0', '0', '0', '0', '0', '1', '3', '726', 'Success')
INSERT INTO tokens VALUES('HfpyT4DTnjnkXj1WNtYJmf2Kkm775CzvnEAgrHNfgxqJ', 'FVEo5DkgKMJaBPDt1GbkMJPJXFpQmwF7mWqRZrHrpump', '1', '272', '1', '248', '1.33', '135323.49', '-0.85', '-95.39', '9778.73', '5809', '0', '0', '0', '0', '0', '2', '3', '726', 'Failure')
INSERT INTO tokens VALUES('EArM8X4TFHCzmnVxbYnEHJMK9synW232Egpc4exkvxWK', '7BqzNNZpmdyupEaJfUtK9Lcru8RChm6Kwbvz5SY6T1mq', '268', '541', '4', '14', '784.61', '3831.63', '-18.51', '34.52', '4497.71', '5788', '0', '0', '0', '0', '0', '1', '3', '727', 'Failure')
INSERT INTO tokens VALUES('FpetdDJpWkjVbtdQacB39P19GESfuyGnPSDywkTeLALR', '5LS3ips7jWxfuVHzoMzKzp3cCwjH9zmrtYXmYBVGpump', '19', '107', '17', '138', '689.91', '37775.16', '9.45', '-38.96', '9408.87', '3312908', '1', '0', '1', '1', '0', '7', '3', '728', 'Failure')
INSERT INTO tokens VALUES('BPqR59bjb3yTxbn25gdJhYnUKXicNSVQYLvD6GoMoGwy', 'D9qPkUJECPDmutXnCckCWk4tKbUuJqnXREUHHpjvppJt', '7', '22', '1', '1', '2092.78', '6467.59', '-98.66', '-96.09', '9817.66', '19994', '0', '0', '0', '0', '0', '1', '3', '728', 'Failure')
INSERT INTO tokens VALUES('FUTECM7uZ3mS4Z5H4JHpNYKmxZEjwyMks5KRvEPVLyGz', 'G7L4C5EKTb7rgW9SavzjrewWrGLNna5nHgt6DRkGhkoJ', '21', '97', '5', '12', '26166.09', '76804.33', '13.13', '43.39', '816188.36', '490252', '0', '0', '0', '0', '0', '1', '3', '729', 'Failure')
INSERT INTO tokens VALUES('FHFYUCGyutFrYG4SJ4C4Zup9RT6iquPxu2sUdwZbVSiN', '45CStmMa6Y6z9EGu3nSci93ndGdLJBWD6T8mkULBpump', '70', '1705', '104', '1637', '11636.17', '546591.76', '37.71', '-55.56', '27185.96', '42632', '0', '0', '0', '0', '0', '2', '3', '730', 'Failure')
INSERT INTO tokens VALUES('2pwJXKuwozDbiJ2E7hRrEKVQ4ZLqkmwQUxXh3YaHWZXv', 'DcFHoFbfWfn3Tp8JPd7rmkQPYGfX29YFahHYF4ZE1CzG', '31', '133', '3', '12', '47514.84', '152184.07', '15.01', '58.67', '1449127.5', '914777', '0', '0', '0', '0', '0', '1', '3', '730', 'Failure')
INSERT INTO tokens VALUES('8wyaW9ohoiycHdt6uZQysPid9aY8dwJYAVZes6xEg4AX', '4tU3fvZEftuUw1R2B8RB26r2oLMoLqiLgwP1kWrPDAqN', '699', '2612', '570', '2119', '36506.92', '213036.24', '6.12', '68744', '92481.12', '168567888', '0', '0', '0', '0', '0', '1', '3', '731', 'Failure')
INSERT INTO tokens VALUES('DXFTEGukQF56EDEPj7CBZdSFn1a9CKU4YqLkYGPqfqLU', 'CerwziGaVmkxx3yGWjvzsuTxaiSkE1aWxVQB8UFrWGcn', '1734', '4991', '1966', '5777', '122249.85', '470024.95', '-76.06', '5528', '30993.49', '18574701', '0', '0', '0', '0', '0', '1', '3', '731', 'Failure')
INSERT INTO tokens VALUES('GPayWpHkcg4YpWzDbgZtKgG3kF7PoPenepZineesQeKt', 'EMxaVUhfKcDg7DdnGutwDov2ccoGafKjrFVYM5Q1pump', '59', '2560', '164', '2431', '18043.85', '1191596.46', '-34.15', '-85.62', '16114.65', '14420', '0', '0', '0', '0', '0', '2', '3', '732', 'Failure')
INSERT INTO tokens VALUES('52yRvLS6y8c8ifKh2WUKxF8Qcfx8Qt7gyTiNADH7Dd7W', 'GU7aPQnDmoXA13gUy6L27utgdp6QVZy3P6cJ94Sbpump', '32', '143', '15', '108', '921.85', '8120.11', '3.7', '0.16', '9002.55', '2293127', '1', '0', '1', '1', '2000', '13', '3', '732', 'Failure')
INSERT INTO tokens VALUES('BZ37o5DmSvQquip1gRdm9UDj7mHuAEBjioYKG9nKHVwM', '7FiY95UnYpXe2zB22NggrDLU99TH3B3r6NkJqmBZpump', '17', '54', '17', '39', '515.05', '1061.83', '-5.52', '24.86', '4828.13', '1110899', '1', '1', '1', '1', '1110', '5', '3', '733', 'Failure')
INSERT INTO tokens VALUES('AsrMnWFusDMxNYEumbe2HVVfkjTKBTDrLse9XwWreEbS', '3JkoYpZufkboEtJ2LJ9ytAgqXocnbm7Z1JExsLgeMUJc', '1308', '4858', '1299', '4736', '142448.89', '543615.72', '-48.14', '26739', '66463.79', '85749704', '0', '0', '0', '0', '0', '1', '3', '733', 'Failure')
INSERT INTO tokens VALUES('Dv2JvzCSdtjsM83P3eV5yp4tT5cSxS26vSNJc5w6JCQ2', 'nL9aGQPX3CBKXAKksYnXJVHcNW5ZoGQ8X8boV28pump', '0', '114', '3', '126', '598.75', '48545.87', '-20.1', '-94.79', '9365.86', '5307', '0', '0', '0', '0', '0', '2', '3', '734', 'Failure')
INSERT INTO tokens VALUES('7g82Z6iq9eHgHdeDxiisTFKMMRxcKrK5kCZtvamVBkwt', 'CtqS3BoT9DyQ8VP6mVdF1Z8vm52r5MSGYimES2XDpump', '107', '3533', '189', '3300', '31383.22', '1856456.74', '7.21', '-79.78', '23074.11', '27850', '0', '0', '0', '0', '0', '2', '3', '735', 'Failure')
INSERT INTO tokens VALUES('3mUxW4RbXcr3SJqLKPqspgr9C486yPdXjuoxoQ9SPT9J', '4pQ75zLpNEPANQia81t8omZDTbr7B9kMJ5KUgKDLpump', '13', '289', '21', '303', '4383.55', '90043.82', '-15.29', '-85.31', '15394.7', '14236', '0', '0', '0', '0', '0', '2', '3', '736', 'Failure')
INSERT INTO tokens VALUES('CqZpbRyTNvxHKEWto4EgM4vDPLb97zDn2rNM38gMszDv', '2oZ6U4dBwXdPWeaABf3xyCmizM5LtN5JThmSUSTHpump', '2', '207', '8', '211', '135.07', '112413.49', '-2.55', '-96.17', '8706.42', '4573', '0', '0', '0', '0', '0', '2', '3', '736', 'Failure')
INSERT INTO tokens VALUES('AwBVdzEQ3j7wGUhpgX9N1T4hymxbfAhc79Bct7KKkadG', 'C6KRS4jE1NsxcJZVipUQrxvqPd2aSYvtqDeaeMTMmoon', '141', '427', '58', '164', '89843.55', '304447.47', '16.21', '1329', '225530.55', '4663572', '0', '0', '0', '0', '0', '1', '3', '736', 'Failure')
INSERT INTO tokens VALUES('9DFNkA6tYGP4gCYbsgyfm4m28XHcQrzYRcXWQtCLnxoJ', 'G9P782Kx7boZHbnudQTVTKgZVwERHJx9pMbFH4RTpump', '18', '72', '35', '81', '10695.88', '23707.44', '-54.25', '-56.84', '5180.79', '682049', '1', '0', '1', '0', '0', '5', '3', '737', 'Success')
INSERT INTO tokens VALUES('EroRD4FfJqyBJsnEXc6NugvK5SWGXTkd8j16cLNgFQJ2', '45aMSBiCtbvzarwPLtS1H8AFVRc3cEx4gFztMMLLpump', '8', '1095', '33', '997', '1154.08', '483738.82', '-18.68', '-89.38', '13588.79', '10715', '1', '0', '1', '1', '0', '2', '3', '737', 'Success')
INSERT INTO tokens VALUES('6PLn5jb31Fwyn9JytNhVWtpeA36KaxUKcaDKT4uUHi3j', '7W4tNwB8yiT8ahKCCvKFo17oCri8cZBGywdRzY1eQ5dZ', '312', '999', '290', '883', '150956.84', '450185.71', '3.27', '18.32', '136850.02', '147160', '1', '0', '0', '1', '0', '1', '3', '738', 'Failure')
INSERT INTO tokens VALUES('Fzeu8GD8fBFNqfYex94tKFcKkzsYiZrBSnhkTA4Dz4Sb', 'D3Qvo95qHmkfEQFBkr8Z3sEkXLin2abo4noPtCWKuMDp', '68', '451', '46', '249', '127168.95', '533971.64', '-99.94', '-58.55', '2827.17', '74988', '0', '0', '0', '0', '0', '1', '3', '739', 'Failure')
INSERT INTO tokens VALUES('CFW36rZDeQTSd9iuXa4R9rChzLGhYR9awHnWfe4s48pM', 'AXfS9C3SgqmmgvaWVcA3rs17HmWruwQv1kKfDV6bpump', '39', '2107', '81', '1920', '7887.65', '1140334.42', '-23.31', '-90.7', '13804.45', '10539', '0', '0', '0', '0', '0', '2', '3', '739', 'Success')
INSERT INTO tokens VALUES('GHNd687WsQjgymv2ZRXnE19us2TjP4xUDHFvsXkHMmKG', '7p9hDNFebSwTUSMQERXzGaBVjRE1mH3Sej3YCdU1vFK9', '364', '801', '356', '751', '109189.92', '242081.22', '0.66', '20.5', '110107.39', '299833', '1', '0', '0', '1', '0', '1', '3', '739', 'Failure')
INSERT INTO tokens VALUES('6tf6NYFQrFoaTWTGfKirsM65CpVedUUNbAUaozui3Let', '5LS3ips7jWxfuVHzoMzKzp3cCwjH9zmrtYXmYBVGpump', '9', '73', '34', '69', '10363.86', '28724.56', '-50.49', '-45.66', '20243.51', '1768705', '1', '0', '1', '1', '0', '7', '3', '740', 'Success')
INSERT INTO tokens VALUES('G8svgmjfacb76WUDyp2iCAJxPqci1tfkb29ybeU1AAY7', 'FrKtZMkQVdQ2chYiRfQKouNTBEKTWBqDBRysGSds7GPz', '269', '936', '249', '856', '132074.14', '440666.2', '6.16', '13.45', '134124.32', '141761', '1', '0', '0', '1', '0', '1', '3', '741', 'Failure')
INSERT INTO tokens VALUES('4rbnM5drgPrWFrsZTWdPohxVvPgjB3HCeVAxJCjXnqQn', 'FSfnzTxUmWcb7hL9nPShzLK93VX2PQVp2YYCvFTSpump', '1', '278', '19', '275', '1416.8', '85642.92', '-39.35', '-92.7', '9993.31', '6004', '0', '0', '0', '0', '0', '2', '3', '741', 'Failure')
INSERT INTO tokens VALUES('y5UFWkZKbStTvX6gsCdTKkX4v9EGUzQ5tRzqq6xB6EV', '2JswBo6f25UFZ3p5VrWmmbkbMsGcGewoGNK6bntxqWp1', '1144', '4050', '1143', '4018', '121422.65', '484220.08', '-40.12', '3182', '21121.78', '8308091', '0', '0', '0', '0', '0', '1', '3', '742', 'Failure')
INSERT INTO tokens VALUES('4zUo79oGKdv38bqF2jg8HKdWXKZ1TUQdJFmD6JvveWPp', '71YnTQ4ZNgs7kcFD5BBpwQYztL4e5MAsBaNv27RseyLi', '20', '91', '1', '5', '9470.47', '27564.27', '13.2', '46.71', '317200.55', '191742', '0', '0', '0', '0', '0', '1', '3', '742', 'Failure')
INSERT INTO tokens VALUES('zJQ8o5eMLBhYjHgikCAh9g3MoSz7HSbxqDK6JbasJqx', 'HHTvfjzbbzwC7H5xAByc2dpjB8LRk2S6mXHBEWtXpump', '363', '4055', '270', '2674', '170293.6', '3263381.15', '53.17', '132', '119161.38', '773634', '1', '0', '1', '1', '0', '3', '3', '743', 'Failure')
INSERT INTO tokens VALUES('FWZzEi3xgtF5dATPgvDngu9K8AHvEwhTHNtiDMjQkga6', 'HDDsykzL3bV9XyUf9LJcTGra5xAaWin3ZgQkgMg9pump', '48', '776', '52', '721', '10873.01', '228501.97', '-28.37', '-64.43', '25058.7', '37278', '0', '0', '0', '0', '0', '2', '3', '743', 'Failure')
INSERT INTO tokens VALUES('8J3xj2hoFZ56Ud6U3Zwjk47TW54nSbfnDiyoe3utVjnG', 'pjg5yr7QhuSk4otHVhojnjGSrkFYp8KPXempr1zpump', '1', '170', '1', '248', '12.6', '61497.25', '0.34', '-95.18', '8784.87', '4685', '0', '0', '0', '0', '0', '2', '3', '743', 'Failure')
INSERT INTO tokens VALUES('9Zh6g35VHvbe9NeTmnNuBstgv2FVPV74b2GrNLPQ1vPV', 'HXhr9QoAehvsyEJ1vmtfXfs2HSA8HRrQMCsnHgbUpump', '286', '1638', '349', '1227', '81429.51', '414749.7', '-34.9', '117', '55543.89', '182710', '1', '0', '0', '1', '150', '2', '3', '744', 'Failure')
INSERT INTO tokens VALUES('7yxQRTwRYBjcQnVahm5UgPSLuPXqspR8iPEqzcLdzvNm', 'FwLYcwduwU6bBFiLRRG3zAeoKzbiJQKLei3ddmPXmzcG', '1207', '3340', '1249', '3407', '128707.28', '444278.99', '-83.18', '6280', '36873.93', '26398512', '0', '0', '0', '0', '0', '1', '3', '744', 'Failure')
INSERT INTO tokens VALUES('3UHxzNkicVstQFkCtxFhn4TDf3U9pLRrFUxSS7Ss5vr8', '9rcjLdui2WEhGPqRbsKXFvbp6GQmhXuVyWwyjVCApump', '515', '3084', '384', '2339', '165787.16', '1513665.49', '37.78', '370', '97745.9', '533280', '1', '0', '1', '1', '0', '2', '3', '745', 'Failure')